,source_story,correct_analogy,false_analogy,full_prompt,raw_generation,parsed_answer,correct_answer,ambiguous,logit_A,logit_B
0,"William was a patient in a psychiatric hospital who was confined indoors almost all the time. He could never pass the monthly room inspections so he hated them. He spent most of his time daydreaming about food.
A few day before the April inspection William's room was still a mess since he had done nothing but daydream. To provide William with an incentive, the nurse promised him some gingerbread from the cookie shop if he scrubbed his room and put it in order once and for all.
William was overjoyed. But there was no longer enough time for him to put it in order. As a result, he did not pass the inspection and did not get any gingerbread.
William sulked all day and slammed his door so hard the plaster cracked, but he still didn't get any gingerbread.","Karen always did poorly in high school so she despised it. But she loved vacations. She spent most of her time dreaming about going to Hawaii.
Not long before the end of her fourth year Karen was not doing at all well in her classes because she had spent all her time daydreaming. To motivate her, Karen's father promised her that if she did well enough during the next few weeks to graduate from high school he would pay for her trip to Hawaii.
This made Karen extremely happy. But she was too far behind in her classes. Consequently she failed too many and did not go to Hawaii.","Karen disliked high school so she always had trouble getting passing grades in her classes. Vacations were her favorite part of the school year.
Not long before the end of her fourth year of school, Karen was not doing well at all because she despised school. To motivate her, Karen's father promised her a trip to Hawaii if she would just pass enough of her classes to graduate.
This made Karen extremely happy. During the last few weeks of school she spent most of her time dreaming about Hawaii and preparing for her trip there. Consequently, she failed to graduate and she did not get to go.","This is a source story:

William was a patient in a psychiatric hospital who was confined indoors almost all the time. He could never pass the monthly room inspections so he hated them. He spent most of his time daydreaming about food.
A few day before the April inspection William's room was still a mess since he had done nothing but daydream. To provide William with an incentive, the nurse promised him some gingerbread from the cookie shop if he scrubbed his room and put it in order once and for all.
William was overjoyed. But there was no longer enough time for him to put it in order. As a result, he did not pass the inspection and did not get any gingerbread.
William sulked all day and slammed his door so hard the plaster cracked, but he still didn't get any gingerbread.

This is story A:

Karen always did poorly in high school so she despised it. But she loved vacations. She spent most of her time dreaming about going to Hawaii.
Not long before the end of her fourth year Karen was not doing at all well in her classes because she had spent all her time daydreaming. To motivate her, Karen's father promised her that if she did well enough during the next few weeks to graduate from high school he would pay for her trip to Hawaii.
This made Karen extremely happy. But she was too far behind in her classes. Consequently she failed too many and did not go to Hawaii.

This is story B:

Karen disliked high school so she always had trouble getting passing grades in her classes. Vacations were her favorite part of the school year.
Not long before the end of her fourth year of school, Karen was not doing well at all because she despised school. To motivate her, Karen's father promised her a trip to Hawaii if she would just pass enough of her classes to graduate.
This made Karen extremely happy. During the last few weeks of school she spent most of her time dreaming about Hawaii and preparing for her trip there. Consequently, she failed to graduate and she did not get to go.

Which of the stories A/B are analogous to the source story?
Provide final answer in tags: <ans> A </ans> or <ans> B </ans>","The stories that are analogous to the source story are:

<ans> A </ans>

Both story A and the source story have a similar plot structure:

1. The main character (William/Karen) dislikes a particular aspect of their life (being confined indoors/high school).
2. They spend most of their time daydreaming about something they enjoy (food/vacations).
3. A promise is made to motivate them to change their behavior (get gingerbread/pay for a trip to Hawaii).
4. Despite the promise, the main character fails to change their behavior and does not achieve their desired outcome (does not pass the inspection/does not graduate).

Story B, on the other hand, does not have the same plot structure.",A,A,False,,
1,"Mr. Newton was the manager of a company that made razors. One year, an inventor in his company perfected a metal that would stay sharper than any previous razor.
However, not long after that, Mr. Newton was using one of these new razors and he cut his neck rather severely. As a result of this incident the inventor recommended a safety feature that would protect people from injuring themselves.
After what had happened, Mr. Newton considered the safety feature absolutely necessary. The incident had alarmed him so much that he began to produce the safety razor right away. Luckily, his neck did not get infected so everything was alright.","Ms. Boyce was in charge of installing heat lamps sold by the Smith Tan Company. In 1980, a supplier for the company perfected a filament that could produce more intense heat than any previous filament.
But later, when Ms. Boyce was using one of these new heat lamps herself she was seriously burned. Because of this accident the supplier recommended a warning label that would protect people from hurting themselves with the new lamp.
After this, Ms. Boyce considered the labels absolutely necessary. The accident frightened her so much that she had the labels printed immediately.","Ms. Boyce was in charge of installing sun lamps sold by Smith Tan Company. In 1980, a supplier for the company perfected a filament that could produce more intense heat than any previous filament. Because it was so hot, the supplier recommended a warning label that would protect people from hurting themselves with the new lamp.
But Mrs. Boyce considered the labels unnecessary. It would be too much trouble to make them.
But later, when she was using one of these new heat lamps herself, she was seriously burned. After this accident she was so frightened that she had the warning labels printed immediately.","This is a source story:

Mr. Newton was the manager of a company that made razors. One year, an inventor in his company perfected a metal that would stay sharper than any previous razor.
However, not long after that, Mr. Newton was using one of these new razors and he cut his neck rather severely. As a result of this incident the inventor recommended a safety feature that would protect people from injuring themselves.
After what had happened, Mr. Newton considered the safety feature absolutely necessary. The incident had alarmed him so much that he began to produce the safety razor right away. Luckily, his neck did not get infected so everything was alright.

This is story A:

Ms. Boyce was in charge of installing heat lamps sold by the Smith Tan Company. In 1980, a supplier for the company perfected a filament that could produce more intense heat than any previous filament.
But later, when Ms. Boyce was using one of these new heat lamps herself she was seriously burned. Because of this accident the supplier recommended a warning label that would protect people from hurting themselves with the new lamp.
After this, Ms. Boyce considered the labels absolutely necessary. The accident frightened her so much that she had the labels printed immediately.

This is story B:

Ms. Boyce was in charge of installing sun lamps sold by Smith Tan Company. In 1980, a supplier for the company perfected a filament that could produce more intense heat than any previous filament. Because it was so hot, the supplier recommended a warning label that would protect people from hurting themselves with the new lamp.
But Mrs. Boyce considered the labels unnecessary. It would be too much trouble to make them.
But later, when she was using one of these new heat lamps herself, she was seriously burned. After this accident she was so frightened that she had the warning labels printed immediately.

Which of the stories A/B are analogous to the source story?
Provide final answer in tags: <ans> A </ans> or <ans> B </ans>","After analyzing the stories, I can see that:

* Story A has the same structure as the source story: an accident happens, the person is affected, and they subsequently consider a safety feature necessary.
* Story B, on the other hand, has a different structure: the person doesn't consider the warning label necessary at first, and only changes their mind after the accident.

Therefore, I conclude that:

<ans> A </ans>

Story A is analogous to the source story.",A,A,False,,
2,"Joseph was a millionaire who hired a chauffeur to drive his Rolls-Royce. He used to brag. to his wife that he would never be late for his conferences since he had hired a chauffeur.
One morning when he was in a great hurry, he went to find the chauffeur. But he was asleep. He thought his services would not be needed that day.
Thus Joseph was very late for his conference after all. To make sure this would not happen again, Joseph hired a second chauffeur. This turned out to be very expensive because the second chauffeur wanted a fancy uniform as well as a high salary.","Alexander was a man who lived with his wife in his house a long time ago. He liked to boast to a friend that with his wife at home he would always eat well.
One day, when he was very hungry, Alexander went home to his wife. But she thought Alexander would be eating someplace else so she had only prepared enough for herself and their baby.
Thus Alexander went without dinner. But to make sure he would not go hungry again, Alexander married a second wife.","Many years ago there was man named Alexander who had two wives living in two houses: He liked to boast to a friend that with his two wives he would always eat well.
One day when he was very hungry, Alexander went to his first wife. But she had only prepared enough for herself and their baby. She thought Alexander would eat with his other wife that day.
Alexander then went to his second wife, but found she had already finished. She saw him go to the other house so she thought he was eating there.
Thus Alexander went without any dinner at all.","This is a source story:

Joseph was a millionaire who hired a chauffeur to drive his Rolls-Royce. He used to brag. to his wife that he would never be late for his conferences since he had hired a chauffeur.
One morning when he was in a great hurry, he went to find the chauffeur. But he was asleep. He thought his services would not be needed that day.
Thus Joseph was very late for his conference after all. To make sure this would not happen again, Joseph hired a second chauffeur. This turned out to be very expensive because the second chauffeur wanted a fancy uniform as well as a high salary.

This is story A:

Alexander was a man who lived with his wife in his house a long time ago. He liked to boast to a friend that with his wife at home he would always eat well.
One day, when he was very hungry, Alexander went home to his wife. But she thought Alexander would be eating someplace else so she had only prepared enough for herself and their baby.
Thus Alexander went without dinner. But to make sure he would not go hungry again, Alexander married a second wife.

This is story B:

Many years ago there was man named Alexander who had two wives living in two houses: He liked to boast to a friend that with his two wives he would always eat well.
One day when he was very hungry, Alexander went to his first wife. But she had only prepared enough for herself and their baby. She thought Alexander would eat with his other wife that day.
Alexander then went to his second wife, but found she had already finished. She saw him go to the other house so she thought he was eating there.
Thus Alexander went without any dinner at all.

Which of the stories A/B are analogous to the source story?
Provide final answer in tags: <ans> A </ans> or <ans> B </ans>","After analyzing the stories, I can see that both stories A and B have similarities with the source story. However, story B is more analogous to the source story.

Here's why:

* In the source story, Joseph hires a chauffeur to ensure he's not late for conferences, but it backfires, and he ends up being late.
* In story B, Alexander boasts about having two wives to ensure he'll always eat well, but it backfires, and he ends up going without dinner.
* Both stories have a similar theme of someone trying to solve a problem (Joseph with the chauffeur, Alexander with the wives) but ultimately making the problem worse.

Story A, on the other hand, is more of a cautionary tale about the consequences of boasting, rather than a direct analogy to the source story.

Therefore, the final answer is:

<ans> B </ans>",B,A,False,,
3,"Karla, an old hawk, lived at the top of a tall oak tree. One afternoon, she saw a hunter on the ground with a bow and some crude arrows that had no feathers. The hunter took aim and shot at the hawk but missed. Karla knew the hunter wanted her feathers so she glided down to the hunter and offered to give him a few. The hunter was so grateful that he pledged never to shoot at a hawk again. He went off and shot deer instead.","Once there was a small country called Zerdia that learned to make the world's smartest computer. One day Zerdia was attacked by its warlike neighbor, Gagrach. But the missiles were badly aimed and the attack failed. The Zerdian government realized that Gagrach wanted Zerdian computers so it offered to sell some of its computers to the country. The government of Gagrach was very pleased. It promised never to attack Zerdia again.","Once there was a small country called Zerdia that learned to make the world's smartest computer. Zerdia sold one of itssupercomputers to its neighbor, Gagrach, so Gagrach would promise never to attack Zerdia. But one day Zerdia was overwhelmed by a surprise attack from Gagrach. As it capitulated the crippled government of Zerdia realized that the attacker's missiles had been guided by Zerdian supercomputers.","This is a source story:

Karla, an old hawk, lived at the top of a tall oak tree. One afternoon, she saw a hunter on the ground with a bow and some crude arrows that had no feathers. The hunter took aim and shot at the hawk but missed. Karla knew the hunter wanted her feathers so she glided down to the hunter and offered to give him a few. The hunter was so grateful that he pledged never to shoot at a hawk again. He went off and shot deer instead.

This is story A:

Once there was a small country called Zerdia that learned to make the world's smartest computer. One day Zerdia was attacked by its warlike neighbor, Gagrach. But the missiles were badly aimed and the attack failed. The Zerdian government realized that Gagrach wanted Zerdian computers so it offered to sell some of its computers to the country. The government of Gagrach was very pleased. It promised never to attack Zerdia again.

This is story B:

Once there was a small country called Zerdia that learned to make the world's smartest computer. Zerdia sold one of itssupercomputers to its neighbor, Gagrach, so Gagrach would promise never to attack Zerdia. But one day Zerdia was overwhelmed by a surprise attack from Gagrach. As it capitulated the crippled government of Zerdia realized that the attacker's missiles had been guided by Zerdian supercomputers.

Which of the stories A/B are analogous to the source story?
Provide final answer in tags: <ans> A </ans> or <ans> B </ans>","The stories A and B are analogous to the source story.

In the source story, Karla the hawk offers to give the hunter a few of her feathers to spare her life, and the hunter pledges never to shoot at a hawk again. Similarly, in story A, Zerdia offers to sell its computers to Gagrach, and Gagrach promises never to attack Zerdia again. This is analogous to Karla's offer of feathers in exchange for the hunter's promise.

In story B, however, Zerdia sells its supercomputer to Gagrach, but Gagrach ultimately uses it to launch a surprise attack on Zerdia. This is not analogous to the source story, as Karla's offer of feathers is not used to deceive or harm the hunter.

Therefore, the answer is:

<ans> A </ans>",A,A,False,,
4,"Peter was a young man from Iceland who moved to Florida one summer. He was very self-conscious about his fair skin. Peter thought that people would not accept him unless he tanned himself golden-brown like every one else.
So Peter spent a whole day in the sun, trying to get a tan. He didn't understand how dangerous the sun could be. Consequently, by evening he had second degree burns over most of his body and he had to go to the hospital. Peter decided that Florida was not for him and booked the next ocean liner back to Iceland. He spent the whole trip under a large umbrella keeping cool.","Quiggly Company was as small company that manufactured electrical components. One, year, Quiggly Co. began to get into the integrated circuit market. However, Quiggly Company felt that to be competitive it would have to have really sophisticated space factories, as did all the other manufacturers of integrated circuits. Thus, Quiggly put all its assets into having a space factory. The company just didn't realize what a financial risk space manufacturing was. As a result, within six months, Quiggly Company had spent much more than they could afford and their stocks plunged to an all time low. .Quiggly Co. decided to pull out of integrated circuits altogether and went back to making conventional electrical components.","Quiggly Company was a small company that manufactured conventional electrical components. They had just started producing integrated circuits and decided that the real action in the integrated circuit market was in space manufacturing. But the market analysts gave them a stern warning. They said that space factories were too expensive and that the market was too competitive. If Quiggly went into space manufacturing, the analysts predicted they would lose everything and their stock would plunge.
Quiggly Company was so annoyed at having to play it safe when everyone else had a chance to make a killing that they decided to go back to manufacturing conventional electric components.","This is a source story:

Peter was a young man from Iceland who moved to Florida one summer. He was very self-conscious about his fair skin. Peter thought that people would not accept him unless he tanned himself golden-brown like every one else.
So Peter spent a whole day in the sun, trying to get a tan. He didn't understand how dangerous the sun could be. Consequently, by evening he had second degree burns over most of his body and he had to go to the hospital. Peter decided that Florida was not for him and booked the next ocean liner back to Iceland. He spent the whole trip under a large umbrella keeping cool.

This is story A:

Quiggly Company was as small company that manufactured electrical components. One, year, Quiggly Co. began to get into the integrated circuit market. However, Quiggly Company felt that to be competitive it would have to have really sophisticated space factories, as did all the other manufacturers of integrated circuits. Thus, Quiggly put all its assets into having a space factory. The company just didn't realize what a financial risk space manufacturing was. As a result, within six months, Quiggly Company had spent much more than they could afford and their stocks plunged to an all time low. .Quiggly Co. decided to pull out of integrated circuits altogether and went back to making conventional electrical components.

This is story B:

Quiggly Company was a small company that manufactured conventional electrical components. They had just started producing integrated circuits and decided that the real action in the integrated circuit market was in space manufacturing. But the market analysts gave them a stern warning. They said that space factories were too expensive and that the market was too competitive. If Quiggly went into space manufacturing, the analysts predicted they would lose everything and their stock would plunge.
Quiggly Company was so annoyed at having to play it safe when everyone else had a chance to make a killing that they decided to go back to manufacturing conventional electric components.

Which of the stories A/B are analogous to the source story?
Provide final answer in tags: <ans> A </ans> or <ans> B </ans>","After analyzing the stories, I would say that:

<ans> B </ans>

Story B is analogous to the source story because both involve a company (Quiggly Co.) making a decision based on fear of missing out (FOMO) and not doing their due diligence. In the source story, Peter is afraid of not fitting in and gets burned (literally) by trying to get a tan. In story B, Quiggly Co. is afraid of being left behind and ignores the warnings from market analysts, leading to financial losses. Both stories demonstrate the consequences of impulsive decisions made without proper consideration.",B,A,False,,
5,"Julius was a mule who discovered several pears sitting in a window sill. He thought to himself, ""These pears seem to be rotten. Perhaps I'll get some and find out if my prediction is correct.""
 However, the pears were too high for Julius. And because he was hungry he felt too weak to jump up to them. Naturally, this was rather disappointing. He closed his eyes and went to sleep, dreaming about mountains of pears.","A girl named Cindy found some records she was curious about at a record store. ""These records look really bad,"" Cindy thought to herself. ""I think I'll buy them so I can see if my hunch is right.""
 But, the records were too expensive for her. After thinking it over, she saw there was no way she could afford them. Needless to say, she became somewhat disappointed.","A girl named Cindy found some records she wanted at a record store. She really wanted them but, needless to say, they were too expensive for her.
 After brooding for awhile, Cindy got over her dissapointment.
 ""These records are probably boring,"" she thought. ""So even if I could afford them I wouldn't listen to them.""","This is a source story:

Julius was a mule who discovered several pears sitting in a window sill. He thought to himself, ""These pears seem to be rotten. Perhaps I'll get some and find out if my prediction is correct.""
 However, the pears were too high for Julius. And because he was hungry he felt too weak to jump up to them. Naturally, this was rather disappointing. He closed his eyes and went to sleep, dreaming about mountains of pears.

This is story A:

A girl named Cindy found some records she was curious about at a record store. ""These records look really bad,"" Cindy thought to herself. ""I think I'll buy them so I can see if my hunch is right.""
 But, the records were too expensive for her. After thinking it over, she saw there was no way she could afford them. Needless to say, she became somewhat disappointed.

This is story B:

A girl named Cindy found some records she wanted at a record store. She really wanted them but, needless to say, they were too expensive for her.
 After brooding for awhile, Cindy got over her dissapointment.
 ""These records are probably boring,"" she thought. ""So even if I could afford them I wouldn't listen to them.""

Which of the stories A/B are analogous to the source story?
Provide final answer in tags: <ans> A </ans> or <ans> B </ans>","The stories that are analogous to the source story are:

<ans> A </ans>

The reason is that both the source story and story A feature a character (Julius and Cindy respectively) who:

1. Makes a prediction or has a hunch about something (the pears/records being rotten/boring)
2. Is unable to achieve their goal due to circumstances (the pears being too high, the records being too expensive)
3. Feel disappointed as a result
4. Have a change of heart or perspective (Julius goes to sleep, dreaming of pears; Cindy gets over her disappointment and reevaluates her interest in the records)",A,A,False,,
6,"Percy the mockingbird spent the whole warm season chirping and twittering. When it began to get colder Percy visited a squirrel and sang a song for her, expecting to get some of the squirrel's sunflower seeds in return. However, the squirrel was very disappointed in him.
 ""You are a terrible singer!"" she yelled. ""I'm not giving you any of my wheat.""
 A tear rolled down Percy's cheek, and he vowed to give up singing for good.","Sam travelled all over the world buying beautiful things. When he ran out of money he paid a visit to his mother and gave her a gift he bought while in Tibet, hoping she would give him a loan in return. However, his mother was not at all pleased. 
 ""You don't deserve any money of mine!"" she exclaimed. ""This is a piece of junk!""","Sam travelled all over the world buying beautiful things. When he ran out of money he paid a visit to his mother. However, she was not at all pleased with him.
 ""While I have been hard at work you have been wasting your time,"" she said. Sam gave her a gift he bought in Tibet, hoping she would give him a loan in return. But she was still not pleased. ""I will not give you any of my hard-earned money!"" she exclaimed.","This is a source story:

Percy the mockingbird spent the whole warm season chirping and twittering. When it began to get colder Percy visited a squirrel and sang a song for her, expecting to get some of the squirrel's sunflower seeds in return. However, the squirrel was very disappointed in him.
 ""You are a terrible singer!"" she yelled. ""I'm not giving you any of my wheat.""
 A tear rolled down Percy's cheek, and he vowed to give up singing for good.

This is story A:

Sam travelled all over the world buying beautiful things. When he ran out of money he paid a visit to his mother and gave her a gift he bought while in Tibet, hoping she would give him a loan in return. However, his mother was not at all pleased. 
 ""You don't deserve any money of mine!"" she exclaimed. ""This is a piece of junk!""

This is story B:

Sam travelled all over the world buying beautiful things. When he ran out of money he paid a visit to his mother. However, she was not at all pleased with him.
 ""While I have been hard at work you have been wasting your time,"" she said. Sam gave her a gift he bought in Tibet, hoping she would give him a loan in return. But she was still not pleased. ""I will not give you any of my hard-earned money!"" she exclaimed.

Which of the stories A/B are analogous to the source story?
Provide final answer in tags: <ans> A </ans> or <ans> B </ans>","After analyzing the stories, I can see that both stories A and B have similar themes and plot structures to the source story.

In the source story, Percy the mockingbird tries to get something (sunflower seeds) from a squirrel by singing a song, but the squirrel is unimpressed and rejects his offer. In both story A and story B, Sam tries to get something (a loan) from his mother by giving her a gift, but his mother is unimpressed and rejects his offer.

Therefore, I would say that both stories A and B are analogous to the source story.

Final answer: <ans> A </ans> and <ans> B </ans>",A,A,True,4.9375,4.53125
7,"A dog named Leonard was trotting along a dock holding a steak in his teeth. However, as he trotted he dropped it inadvertently and it disappeared into the lake. Thus, he was left without his dinner.
Then Leonard saw another dog with a steak. Because he had lost his own steak he tried to take it. Unluckily, the other dog was much bigger than he was. Leonard ended up losing a tooth in the scuffle.","Charlie was walking through a hotel with an expensive pocket watch in his hand. As he walked he accidently dropped it and it shattered on the floor. Consequently, he was left without a watch.
Then Charlie saw another man with an expensive watch. Since he had broken his own watch he reached out to take it. Unfortunately, the man was a policeman.","Charlie was walking through a hotel with an expensive pocket watch in his hand. Then he noticed another man with an expensive watch.
Not realizing it was just his reflection, and since he was also quite greedy, Charlie reached out to take it. Unfortunately, as he opened his hand he dropped his own watch and both watches shattered on the floor. Consequently he was left with no watch at all.","This is a source story:

A dog named Leonard was trotting along a dock holding a steak in his teeth. However, as he trotted he dropped it inadvertently and it disappeared into the lake. Thus, he was left without his dinner.
Then Leonard saw another dog with a steak. Because he had lost his own steak he tried to take it. Unluckily, the other dog was much bigger than he was. Leonard ended up losing a tooth in the scuffle.

This is story A:

Charlie was walking through a hotel with an expensive pocket watch in his hand. As he walked he accidently dropped it and it shattered on the floor. Consequently, he was left without a watch.
Then Charlie saw another man with an expensive watch. Since he had broken his own watch he reached out to take it. Unfortunately, the man was a policeman.

This is story B:

Charlie was walking through a hotel with an expensive pocket watch in his hand. Then he noticed another man with an expensive watch.
Not realizing it was just his reflection, and since he was also quite greedy, Charlie reached out to take it. Unfortunately, as he opened his hand he dropped his own watch and both watches shattered on the floor. Consequently he was left with no watch at all.

Which of the stories A/B are analogous to the source story?
Provide final answer in tags: <ans> A </ans> or <ans> B </ans>","The stories that are analogous to the source story are:

<ans> A </ans>

Both stories A and the source story share the same plot structure:

1. The protagonist loses something valuable (a steak/watch).
2. They try to take something similar from someone else (another dog/man with a steak/watch).
3. They fail to get what they want and end up losing something else (a tooth/their own watch).

Story B is different because Charlie doesn't lose something initially, but rather tries to take something that isn't even real (his own reflection).",A,A,False,,
8,"Boris and Ivan thought well of one anothers' skill in business and resolved to open up a store together. As ill luck would have it, Ivan was quite absent-minded and he threw out a large amount of cash. This annoyed Boris who therefore demanded that Ivan have nothing to do with the monetary matters of their new store. Later, however, Ivan redeemed himself by selling his fancy new stereo set to replace the lost cash.","John and Christine loved each other and decided to be married. Unfortunately, Christine was so reckless that she accidently dented John's new car. This upset John, so he insisted that she never drive his car again.","John and Christine loved each other and decided to be married. Unfortunately, John discovered that Christine was a very reckless driver. So he insisted that Christine never drive his new car. This upset Christine so much that she dented John's new car hoping that John would be hurt.","This is a source story:

Boris and Ivan thought well of one anothers' skill in business and resolved to open up a store together. As ill luck would have it, Ivan was quite absent-minded and he threw out a large amount of cash. This annoyed Boris who therefore demanded that Ivan have nothing to do with the monetary matters of their new store. Later, however, Ivan redeemed himself by selling his fancy new stereo set to replace the lost cash.

This is story A:

John and Christine loved each other and decided to be married. Unfortunately, Christine was so reckless that she accidently dented John's new car. This upset John, so he insisted that she never drive his car again.

This is story B:

John and Christine loved each other and decided to be married. Unfortunately, John discovered that Christine was a very reckless driver. So he insisted that Christine never drive his new car. This upset Christine so much that she dented John's new car hoping that John would be hurt.

Which of the stories A/B are analogous to the source story?
Provide final answer in tags: <ans> A </ans> or <ans> B </ans>","The analogous stories are A and B.

In all three stories, there is a conflict between two people who are in a relationship (business partners or spouses). One person's careless action (Ivan throwing away cash, Christine denting the car) causes the other person to become upset and demand that the offending person be excluded from certain activities (Ivan handling finances, Christine driving the car). The stories share a similar structure and theme, making them analogous.

Therefore, the final answer is: <ans> A and B </ans>",A,A,True,4.3125,3.890625
9,"Two small countries, Bolon and Salam, were adjacent to a large, warlike country called Mayonia.
Bolon decided to make the best of the situation by taking over Salam. Salam started looking for aid from other strong countries but soon Bolon succeeded in taking it over.
Then victorious Bolon proposed to make a treaty with its warlike neighbor Mayonia. Bolon proposed to give Mayonia control over Salam in exchange for a guarantee that Bolon would remain independent.
Mayonia responded by overrunning both Bolon and Salam. Bolon was so busy maintaining control of Salam, it could do nothing to stop Mayonia. Therupon, Mayonia installed puppet governments in both Bolon and Salam, and took over the newspapers and radio stations.","Two sixth-grade boys, Lincoln and Moreland were walking to school together when they met Chad. Chad was a mean high school boy who was known to rob younger kids.
Moreland was scared but he decided to make the best of the situation by overpowering Lincoln. Immediately, Lincoln started running to find a policeman but Moreland ran after Lincoln and eventually succeeded in catching him.
When Chad arrived Moreland offered to let him rob Lincoln in exchange for being left alone himself. But Chad robbed both of them. Moreland was so busy holding Lincoln down, he could do nothing to prevent it.","Two seventh graders, Lincoln and Moreland, were walking to school together when they met Chad. Chad was a mean high school boy who was known to rob younger kids.Moreland was scared but he decided to make the best of the situation by offering to help Chad rob Lincoln in exchange for being left alone himself.
But Lincoln overheard and started running to find a policeman. Immediately, Moreland took off after him and eventually succeeded in catching him.
When Chad arrived he robbed both of them. And Moreland was so exhausted, he could do nothing to prevent it.","This is a source story:

Two small countries, Bolon and Salam, were adjacent to a large, warlike country called Mayonia.
Bolon decided to make the best of the situation by taking over Salam. Salam started looking for aid from other strong countries but soon Bolon succeeded in taking it over.
Then victorious Bolon proposed to make a treaty with its warlike neighbor Mayonia. Bolon proposed to give Mayonia control over Salam in exchange for a guarantee that Bolon would remain independent.
Mayonia responded by overrunning both Bolon and Salam. Bolon was so busy maintaining control of Salam, it could do nothing to stop Mayonia. Therupon, Mayonia installed puppet governments in both Bolon and Salam, and took over the newspapers and radio stations.

This is story A:

Two sixth-grade boys, Lincoln and Moreland were walking to school together when they met Chad. Chad was a mean high school boy who was known to rob younger kids.
Moreland was scared but he decided to make the best of the situation by overpowering Lincoln. Immediately, Lincoln started running to find a policeman but Moreland ran after Lincoln and eventually succeeded in catching him.
When Chad arrived Moreland offered to let him rob Lincoln in exchange for being left alone himself. But Chad robbed both of them. Moreland was so busy holding Lincoln down, he could do nothing to prevent it.

This is story B:

Two seventh graders, Lincoln and Moreland, were walking to school together when they met Chad. Chad was a mean high school boy who was known to rob younger kids.Moreland was scared but he decided to make the best of the situation by offering to help Chad rob Lincoln in exchange for being left alone himself.
But Lincoln overheard and started running to find a policeman. Immediately, Moreland took off after him and eventually succeeded in catching him.
When Chad arrived he robbed both of them. And Moreland was so exhausted, he could do nothing to prevent it.

Which of the stories A/B are analogous to the source story?
Provide final answer in tags: <ans> A </ans> or <ans> B </ans>","The stories A and B are analogous to the source story.

In the source story, Bolon tries to make the best of the situation by taking over Salam, but ends up getting taken over by Mayonia. Similarly, in story A, Moreland tries to make the best of the situation by overpowering Lincoln, but ends up getting robbed by Chad along with Lincoln. In story B, Moreland tries to make a deal with Chad to spare himself, but ends up getting robbed and exhausted.

All three stories show how attempts to gain an advantage or make a deal can ultimately lead to a worse outcome. Therefore, both stories A and B are analogous to the source story.

Final answer: <ans> A </ans> and <ans> B </ans>",A,A,True,4.4375,3.546875
10,"A farmer named Beedle had a choice apricot tree that he valued above all the rest in his garden. Every year Beedle gave presents of fruit from this tree to everyone he knew.
 But one year the tree began to wither and there was no moreof the wonderful fruit. Everyone was very unhappy.
 The judge had enjoyed the apricots from the tree very much -so much so that he resolved to take the tree to his own garden to take care of it. He paid Beedle very well and had the tree moved to his own grounds. Fortunately, as soon as it was transplanted, the tree bore delicious apricots again. That very year, the fruit won first prize in the county fair.","Mr. Gerson had several pets but he valued the canary above all the rest. Occasionally, he invited friends over to hear the canary sing. 
 However, one autumn the canary became very ill and there were no more of its beautiful songs. Everyone was extremely disappointed. 
 A veterinarian friend had liked the canary's songs so much that he decided he would buy the canary and put it in his office where he could look after it. He paid Mr. Gerson very well. Upon being moved, the canary sang beautiful songs again.","Mr. Gerson had several pets but he valued the canary above all the rest. Occasionally, he invited friends over to hear the canary sing.
 A wealthy businessman liked the canary's songs so much that one autumn he decided he wanted the bird in his house in the city where he could enjoy it every day. He paid Mr. Gerson very well and had the canary moved to his house.
 However, upon being moved the canary became fatally ill and there were no more of its beautiful songs. Everyone was extremely disappointed.","This is a source story:

A farmer named Beedle had a choice apricot tree that he valued above all the rest in his garden. Every year Beedle gave presents of fruit from this tree to everyone he knew.
 But one year the tree began to wither and there was no moreof the wonderful fruit. Everyone was very unhappy.
 The judge had enjoyed the apricots from the tree very much -so much so that he resolved to take the tree to his own garden to take care of it. He paid Beedle very well and had the tree moved to his own grounds. Fortunately, as soon as it was transplanted, the tree bore delicious apricots again. That very year, the fruit won first prize in the county fair.

This is story A:

Mr. Gerson had several pets but he valued the canary above all the rest. Occasionally, he invited friends over to hear the canary sing. 
 However, one autumn the canary became very ill and there were no more of its beautiful songs. Everyone was extremely disappointed. 
 A veterinarian friend had liked the canary's songs so much that he decided he would buy the canary and put it in his office where he could look after it. He paid Mr. Gerson very well. Upon being moved, the canary sang beautiful songs again.

This is story B:

Mr. Gerson had several pets but he valued the canary above all the rest. Occasionally, he invited friends over to hear the canary sing.
 A wealthy businessman liked the canary's songs so much that one autumn he decided he wanted the bird in his house in the city where he could enjoy it every day. He paid Mr. Gerson very well and had the canary moved to his house.
 However, upon being moved the canary became fatally ill and there were no more of its beautiful songs. Everyone was extremely disappointed.

Which of the stories A/B are analogous to the source story?
Provide final answer in tags: <ans> A </ans> or <ans> B </ans>","The stories that are analogous to the source story are:

<ans> A </ans>

The analogous elements between the source story and story A are:

* A valued pet (apricot tree/canary) that brings joy to others
* The pet becomes ill and stops providing its usual benefit (no more fruit/no more songs)
* A third party (judge/veterinarian) steps in and buys the pet to care for it
* The pet recovers and continues to provide its usual benefit (apricots/songs)",A,A,False,,
11,"Morris was a simple-minded prisoner who loved to play the harmonica at night. Finally, his cellmate got tired of this and demanded that he shut up. He should always play during the day, the cellmate insisted.
 The next night, Morris escaped from prison and hid in a boxcar. But then Morris remembered that his cellmate said he should play harmonica every day, so he started playing. Immediately, Morris was nabbed by the cops. Poor, simple-minded Morris wished he hadn't paid any attention to his cellmate. Back in his cell, he devoted himself to covering the walls with obscenites.","A little girl named Jenny loved to play with her dog in her neighbor's yard. Eventually, the neighbor got fed-up and told her she should always play with her dog in her own yard. 
 A few days later, Jenny snuck out of the house without doing her chores and hid at the playground. But after awhile she went home to play with her dog because she thought her neighbor said she should every day. Right away her mother caught her and the little girl wished she hadn't listened to her neighbor.","A little girl named Jenny wished she could run away from home. She loved to play with her dog every day, but only in her neighbor's yard. Eventually, her neighbor got fed-up and told her to always play in her own yard.
 But Jenny refused to listen because she thought it was bad luck to play in her own yard. The last time she did it her mother caught her right away and made her go to work.","This is a source story:

Morris was a simple-minded prisoner who loved to play the harmonica at night. Finally, his cellmate got tired of this and demanded that he shut up. He should always play during the day, the cellmate insisted.
 The next night, Morris escaped from prison and hid in a boxcar. But then Morris remembered that his cellmate said he should play harmonica every day, so he started playing. Immediately, Morris was nabbed by the cops. Poor, simple-minded Morris wished he hadn't paid any attention to his cellmate. Back in his cell, he devoted himself to covering the walls with obscenites.

This is story A:

A little girl named Jenny loved to play with her dog in her neighbor's yard. Eventually, the neighbor got fed-up and told her she should always play with her dog in her own yard. 
 A few days later, Jenny snuck out of the house without doing her chores and hid at the playground. But after awhile she went home to play with her dog because she thought her neighbor said she should every day. Right away her mother caught her and the little girl wished she hadn't listened to her neighbor.

This is story B:

A little girl named Jenny wished she could run away from home. She loved to play with her dog every day, but only in her neighbor's yard. Eventually, her neighbor got fed-up and told her to always play in her own yard.
 But Jenny refused to listen because she thought it was bad luck to play in her own yard. The last time she did it her mother caught her right away and made her go to work.

Which of the stories A/B are analogous to the source story?
Provide final answer in tags: <ans> A </ans> or <ans> B </ans>","The stories that are analogous to the source story are:

<ans> A </ans>

The common thread between the source story and story A is that both feature a character who is told to do something by someone else, and then they follow that advice without questioning it, leading to unintended consequences. In the source story, Morris is told to play the harmonica during the day, and he follows that advice, which leads to his capture. Similarly, in story A, Jenny is told to play with her dog in her own yard, and she follows that advice, which also leads to her getting caught.",A,A,False,,
12,"King Otto was a warmonger who was obsessed with conquest and riches. One year he decided to rebuild all the bridges of the kingdom to make them strong enough for all his armies.
Otto's counselor, the chamberlain, complained that he was spending too much money on the. bridges and not enough on actual military campaigns. Because of all the construction too many of the bridges were out of commission being worked on. Otto decided that the chamberlain was right and he abandoned the bridge project to mount a full-scale invasion of a neighboring country.
Then one day when King Otto was travelling through his kingdom his carriage crashed through an unfinished bridge. He was severely injured but the mishap made it clear to him that he needed to balance his military and domestic expenditures. Also, he ordered the chamberlain to get him a new crown because the old one had gotten smashed in the crash.","Cornelius was an astronomer who thought about nothing but astronomy. He was obsessed with stars and galaxies. Gradually he was turning his home into an observatory.
But before he was finished his wife Agatha complained that he was spending too much time renovating the house and not enough on his job which was astronomy. As a result, the house was no longer livable. Cornelius decided that Agatha was right and he went back to thinking about nothing but astronomy.
Then, one evening when Cornelius was walking through his house, an unfinished floor collapsed under his weight. Cornelius was severely injured but the accident showed him that he should try to balance his time between astronomy and maintaining his home.","Cornelius was an astronomer who thought about nothing but astronomy. He was obsessed with stars and galaxies.
His wife Agatha complained that he was spending too much time on astronomy and not enough on maintaining his own house. As a result, the roof was gradually leaking more and more and the house was becoming almost unlivable. But Cornelius would not listen.
Then, one evening when Cornelius was walking through his house, a rotten floor collapsed under his weight. Cornelius was severely injured but the accident showed him that Agatha had been right all along. He decided to try to balance his time between astronomy and maintaining his home.","This is a source story:

King Otto was a warmonger who was obsessed with conquest and riches. One year he decided to rebuild all the bridges of the kingdom to make them strong enough for all his armies.
Otto's counselor, the chamberlain, complained that he was spending too much money on the. bridges and not enough on actual military campaigns. Because of all the construction too many of the bridges were out of commission being worked on. Otto decided that the chamberlain was right and he abandoned the bridge project to mount a full-scale invasion of a neighboring country.
Then one day when King Otto was travelling through his kingdom his carriage crashed through an unfinished bridge. He was severely injured but the mishap made it clear to him that he needed to balance his military and domestic expenditures. Also, he ordered the chamberlain to get him a new crown because the old one had gotten smashed in the crash.

This is story A:

Cornelius was an astronomer who thought about nothing but astronomy. He was obsessed with stars and galaxies. Gradually he was turning his home into an observatory.
But before he was finished his wife Agatha complained that he was spending too much time renovating the house and not enough on his job which was astronomy. As a result, the house was no longer livable. Cornelius decided that Agatha was right and he went back to thinking about nothing but astronomy.
Then, one evening when Cornelius was walking through his house, an unfinished floor collapsed under his weight. Cornelius was severely injured but the accident showed him that he should try to balance his time between astronomy and maintaining his home.

This is story B:

Cornelius was an astronomer who thought about nothing but astronomy. He was obsessed with stars and galaxies.
His wife Agatha complained that he was spending too much time on astronomy and not enough on maintaining his own house. As a result, the roof was gradually leaking more and more and the house was becoming almost unlivable. But Cornelius would not listen.
Then, one evening when Cornelius was walking through his house, a rotten floor collapsed under his weight. Cornelius was severely injured but the accident showed him that Agatha had been right all along. He decided to try to balance his time between astronomy and maintaining his home.

Which of the stories A/B are analogous to the source story?
Provide final answer in tags: <ans> A </ans> or <ans> B </ans>","The stories that are analogous to the source story are:

<ans> B </ans>

Both story B and the source story share similar themes and plot structures:

* The main character is obsessed with something (astronomy or conquest and riches) and neglects other important aspects of their life (maintaining their home or balancing military and domestic expenditures).
* A warning or complaint is given by someone else (Agatha or the chamberlain) about the imbalance, but the main character ignores it.
* A sudden and dramatic event occurs (the floor collapse or the carriage crash) that forces the main character to re-evaluate their priorities and make a change.

Story A lacks this structure and does not have a direct equivalent in the source story.",B,A,False,,
13,"Frederick the shepherd was tending his flock at the edge of a forest. Suddenly, a lion appeared out of the forest. Frederick was really scared so he started shouting to scare the lion away. But the shouting did nothing but attract the lion's attention and it began walking towards him. He then realized he should have left it alone. 
 To escape, Frederick gave the lion a lamb. While the lion was occupied, he led the rest of the flock away. Eventually, he guessed they were far enough away to be safe from the lion. So he took a nap on the grass.
 However, when he awoke he notice another lamb was missing and he could not find it anywhere! At the next opportunity, Frederick bought a blunderbuss so he could better defend his flock in the future.","Zebediah, the old miser, was sitting on his back porch counting his money. Suddenly, a beggar came out of the forsythia bushes. Zebediah was very frightened so he started yelling for the beggar to go away. The yelling only caught the beggar's attention and he began walking towards the old man. The miser wished he had left the beggar alone.
 To escape, Zebediah threw a bag of coins to the beggar. While the beggar was occupied, Zebediah took the last few bags of money into the house and locked the door. 
 Zebediah figured that he was safe inside and he dozed off in an easy chair. When he awoke he was surprised to discover another bag of coins was missing. He could not find it anywhere!","Zebediah, the old miser, was sitting on his back porch counting his money and he dozed off. When he awoke he discovered that one bag of coins was missing. He could not find the bag anywhere. Zebediah figured that the thief was still nearby so he started yelling for whoever took the money to show his face.
 Suddenly, a beggar came out of the forsythia bushes and started walking towards the old man on the porch. Zebediah was surprised and very frightened. He wished he had left the beggar alone. 
 To escape, he threw a second bag of coins to the beggar. While the beggar was occupied, Zebediah took the last few bags of money into the house and locked the door!","This is a source story:

Frederick the shepherd was tending his flock at the edge of a forest. Suddenly, a lion appeared out of the forest. Frederick was really scared so he started shouting to scare the lion away. But the shouting did nothing but attract the lion's attention and it began walking towards him. He then realized he should have left it alone. 
 To escape, Frederick gave the lion a lamb. While the lion was occupied, he led the rest of the flock away. Eventually, he guessed they were far enough away to be safe from the lion. So he took a nap on the grass.
 However, when he awoke he notice another lamb was missing and he could not find it anywhere! At the next opportunity, Frederick bought a blunderbuss so he could better defend his flock in the future.

This is story A:

Zebediah, the old miser, was sitting on his back porch counting his money. Suddenly, a beggar came out of the forsythia bushes. Zebediah was very frightened so he started yelling for the beggar to go away. The yelling only caught the beggar's attention and he began walking towards the old man. The miser wished he had left the beggar alone.
 To escape, Zebediah threw a bag of coins to the beggar. While the beggar was occupied, Zebediah took the last few bags of money into the house and locked the door. 
 Zebediah figured that he was safe inside and he dozed off in an easy chair. When he awoke he was surprised to discover another bag of coins was missing. He could not find it anywhere!

This is story B:

Zebediah, the old miser, was sitting on his back porch counting his money and he dozed off. When he awoke he discovered that one bag of coins was missing. He could not find the bag anywhere. Zebediah figured that the thief was still nearby so he started yelling for whoever took the money to show his face.
 Suddenly, a beggar came out of the forsythia bushes and started walking towards the old man on the porch. Zebediah was surprised and very frightened. He wished he had left the beggar alone. 
 To escape, he threw a second bag of coins to the beggar. While the beggar was occupied, Zebediah took the last few bags of money into the house and locked the door!

Which of the stories A/B are analogous to the source story?
Provide final answer in tags: <ans> A </ans> or <ans> B </ans>","The stories A and B are analogous to the source story.

In all three stories, a character is initially frightened by an unexpected visitor (lion/beggar) and attempts to scare them away, but this only attracts the visitor's attention. The character then tries to escape by giving away something of value (lamb/coins), allowing them to get away while the visitor is occupied. Finally, the character discovers that something else is missing (another lamb/another bag of coins), leading them to take measures to improve their safety in the future (buying a blunderbuss/buying more security measures).

Therefore, the answer is:

<ans> A </ans>",A,A,False,,
14,"Mark the chicken farmer was standing in the henhouse collecting eggs while his chickens were out in the yard. When his chickens returned, they all began to attack him, for some unknown reason.
""You ungrateful beasts!"" Mark screamed. The chickens chased him out of the henhouse and into the woods.
While they were gone, a thief slipped into the yard and made off with the unguarded eggs. After he got out of the hospital, Mark quit chicken farming and went on a vacation in Africa.","Linda, the director of a girl scout camp, was thinking about the camp on the beach while all the girls were hiking in the hills nearby. While she was standing there the girl scouts returned and they all started pestering her with questions about what was for dinner, could they go swimming, and so on.
""Why do you pester me when I am racking my brain to figure out what we're going to do?"" Linda screamed as she ran off the beach and down the road. ""Show a little appreciation!"" The scouts followed her, still yelling.
A short time later, a tidal wave hit the beach and washed away all the sleeping bags.","A tidal wave hit a girl scout camp on the beach while everyone was away and washed away all of the sleeping bags. A short time later, Linda, the camp director, came back and discovered the tragedy.
She stood on the beach thinking about what to do. While she was thinking, the girl scouts returned from hiking in the hills. Since they could not find their sleeping bags they attacked their director. What'll we do now? Where will we sleep?...they said.
""Why do you pester me when I am racking my brain to figure out what we are going to do?"" the camp director screamed as she ran down the road. ""Show a little appreciation!""","This is a source story:

Mark the chicken farmer was standing in the henhouse collecting eggs while his chickens were out in the yard. When his chickens returned, they all began to attack him, for some unknown reason.
""You ungrateful beasts!"" Mark screamed. The chickens chased him out of the henhouse and into the woods.
While they were gone, a thief slipped into the yard and made off with the unguarded eggs. After he got out of the hospital, Mark quit chicken farming and went on a vacation in Africa.

This is story A:

Linda, the director of a girl scout camp, was thinking about the camp on the beach while all the girls were hiking in the hills nearby. While she was standing there the girl scouts returned and they all started pestering her with questions about what was for dinner, could they go swimming, and so on.
""Why do you pester me when I am racking my brain to figure out what we're going to do?"" Linda screamed as she ran off the beach and down the road. ""Show a little appreciation!"" The scouts followed her, still yelling.
A short time later, a tidal wave hit the beach and washed away all the sleeping bags.

This is story B:

A tidal wave hit a girl scout camp on the beach while everyone was away and washed away all of the sleeping bags. A short time later, Linda, the camp director, came back and discovered the tragedy.
She stood on the beach thinking about what to do. While she was thinking, the girl scouts returned from hiking in the hills. Since they could not find their sleeping bags they attacked their director. What'll we do now? Where will we sleep?...they said.
""Why do you pester me when I am racking my brain to figure out what we are going to do?"" the camp director screamed as she ran down the road. ""Show a little appreciation!""

Which of the stories A/B are analogous to the source story?
Provide final answer in tags: <ans> A </ans> or <ans> B </ans>","The stories that are analogous to the source story are:

<ans> A </ans>

The reason is that both stories A and the source story share the same sequence of events:

1. The main character is left alone and vulnerable (Linda on the beach, Mark in the henhouse).
2. The main character is suddenly attacked by the people they were responsible for (the girl scouts, the chickens).
3. The main character runs away, frustrated and upset (Linda down the road, Mark into the woods).
4. A secondary event occurs, which is a consequence of the main character's absence (the tidal wave, the theft of the eggs).

Story B is not analogous to the source story, as the sequence of events is different.",A,A,False,,
15,"Two pioneers, Smith and Johnson, discovered a gorgeous little valley that was as yet unclaimed in Oregon Territory. Each of them wanted the land for himself, so soon they were fighting over who saw it first.
 While they were fighting over it, Sheriff Jones came along and divided the land evenly between them. In the end, Smith and Johnson realized that they should have done that on their own. From that day forward they were the best of friends, and they helped build each others' houses.","Betty and Norma were walking towards each other, when they simultaneously discovered a twenty dollar bill on the floor. Both of them wanted the money so soon they were arguing desperately over who saw it first.
 While they were busy arguing, their teacher Mrs. Lee, came along, took the money and divided it between them. Then Betty and Norma realized that they should have done that themselves.","Betty and Norma were walking towards each other when they simultaneously discovered a twenty dollar bill on the floor. Both of them wanted the money so soon they were arguing desperately over who saw it first. 
 While they were busy arguing over the money, Lee came along and took it herself. By the time Betty and Norma realized they should just divide it up, it was too late.","This is a source story:

Two pioneers, Smith and Johnson, discovered a gorgeous little valley that was as yet unclaimed in Oregon Territory. Each of them wanted the land for himself, so soon they were fighting over who saw it first.
 While they were fighting over it, Sheriff Jones came along and divided the land evenly between them. In the end, Smith and Johnson realized that they should have done that on their own. From that day forward they were the best of friends, and they helped build each others' houses.

This is story A:

Betty and Norma were walking towards each other, when they simultaneously discovered a twenty dollar bill on the floor. Both of them wanted the money so soon they were arguing desperately over who saw it first.
 While they were busy arguing, their teacher Mrs. Lee, came along, took the money and divided it between them. Then Betty and Norma realized that they should have done that themselves.

This is story B:

Betty and Norma were walking towards each other when they simultaneously discovered a twenty dollar bill on the floor. Both of them wanted the money so soon they were arguing desperately over who saw it first. 
 While they were busy arguing over the money, Lee came along and took it herself. By the time Betty and Norma realized they should just divide it up, it was too late.

Which of the stories A/B are analogous to the source story?
Provide final answer in tags: <ans> A </ans> or <ans> B </ans>","<ans> A </ans>

The source story and story A share the same plot structure and outcome:

* Two individuals (Smith and Johnson/ Betty and Norma) discover something valuable (land/twenty dollar bill) and argue over who saw it first.
* A third party (Sheriff Jones/Mrs. Lee) intervenes and divides the resource evenly between the two individuals.
* The individuals realize that they should have divided it themselves and become friends as a result.

Story B, on the other hand, has a different outcome, where Lee takes the money for herself instead of dividing it between the two individuals.",A,A,False,,
16,"Once there was a teacher named Mrs. Jackson who wanted a salary increase. One day, the principal said that he was increasing his own salary by 20 percent. However, he said, there was not enough money to give the teachers a salary increase.
When Mrs. Jackson heard this she became so angry that she decided to take revenge. The next day, Mrs. Jackson used gasoline to set fire to the principal's office. Then she went to a bar and got drunk.","McGhee was a sailor who wanted a few days of vacation on land. One day, the captain announced that he would be taking a vacation in the mountains. However, he said, everyone else would have to remain on the ship.
After McGhee heard this he became so upset that he decided to get revenge. Within an hour McGhee blew up the captain's cabin with dynamite.","McGhee was a sailor who wanted a few days of vacation on land. One day McGhee became so impatient that he tried to blow up the captain's cabin using dynamite.
After this incident, the captain announced that he would be taking a vacation in the mountains. However, he said, everyone else would have to remain on board to repair the ship.","This is a source story:

Once there was a teacher named Mrs. Jackson who wanted a salary increase. One day, the principal said that he was increasing his own salary by 20 percent. However, he said, there was not enough money to give the teachers a salary increase.
When Mrs. Jackson heard this she became so angry that she decided to take revenge. The next day, Mrs. Jackson used gasoline to set fire to the principal's office. Then she went to a bar and got drunk.

This is story A:

McGhee was a sailor who wanted a few days of vacation on land. One day, the captain announced that he would be taking a vacation in the mountains. However, he said, everyone else would have to remain on the ship.
After McGhee heard this he became so upset that he decided to get revenge. Within an hour McGhee blew up the captain's cabin with dynamite.

This is story B:

McGhee was a sailor who wanted a few days of vacation on land. One day McGhee became so impatient that he tried to blow up the captain's cabin using dynamite.
After this incident, the captain announced that he would be taking a vacation in the mountains. However, he said, everyone else would have to remain on board to repair the ship.

Which of the stories A/B are analogous to the source story?
Provide final answer in tags: <ans> A </ans> or <ans> B </ans>","After analyzing the stories, I can see that:

* Story A has a similar structure and motivation as the source story: a character (McGhee) wants something (vacation) and feels upset when they can't have it, leading them to take revenge (blowing up the captain's cabin).
* Story B, on the other hand, is a different scenario: McGhee tries to blow up the captain's cabin, and then the captain announces a vacation, but it's not a direct response to McGhee's actions.

Therefore, I conclude that:

<ans> A </ans>

Story A is analogous to the source story.",A,A,False,,
17,"A cobra called Pierre was slithering through the brush when a falcon came towards it. Pierre became frightened and struck, wounding the falcon in the abdomen. To teach him a lesson, the falcon grabbed the cobra and flew away with it.
 Unfortunately for both of them, after they were high above the earth the wounded falcon became too weak to fly. Consequently, they plummeted straight down to the earth and perished. They landed, strangely enough, in the middle of an outdoor wedding ceremony.","Young Gene was walking home from school when a policeman approached him. Suddenly Gene panicked and hit the policeman in the side of the head. The policeman wanted to set the boy straight. He grabbed Gene and drove away with him.
 Unfortunately, once they were on the road the policeman became too dizzy to drive. Consequently, they ran off the road and died when they hit a wall.","Young Gene was walking home from school when he met a policeman. Suddenly, the policeman grabbed him and drove away with him.
 Once they got onto the freeway, Gene panicked and hit the policeman in the side of the head. Unfortunately, the policeman became too dizzy to drive. Consequently, they ran off the road and died when they hit a wall.","This is a source story:

A cobra called Pierre was slithering through the brush when a falcon came towards it. Pierre became frightened and struck, wounding the falcon in the abdomen. To teach him a lesson, the falcon grabbed the cobra and flew away with it.
 Unfortunately for both of them, after they were high above the earth the wounded falcon became too weak to fly. Consequently, they plummeted straight down to the earth and perished. They landed, strangely enough, in the middle of an outdoor wedding ceremony.

This is story A:

Young Gene was walking home from school when a policeman approached him. Suddenly Gene panicked and hit the policeman in the side of the head. The policeman wanted to set the boy straight. He grabbed Gene and drove away with him.
 Unfortunately, once they were on the road the policeman became too dizzy to drive. Consequently, they ran off the road and died when they hit a wall.

This is story B:

Young Gene was walking home from school when he met a policeman. Suddenly, the policeman grabbed him and drove away with him.
 Once they got onto the freeway, Gene panicked and hit the policeman in the side of the head. Unfortunately, the policeman became too dizzy to drive. Consequently, they ran off the road and died when they hit a wall.

Which of the stories A/B are analogous to the source story?
Provide final answer in tags: <ans> A </ans> or <ans> B </ans>","After analyzing the stories, I can conclude that:

<ans> A </ans>

Story A has the same structure and events as the source story:

1. A character (Gene) panics and hurts someone (the policeman) in a specific way.
2. The person who was hurt (the policeman) wants to teach the character a lesson and grabs them.
3. Unfortunately, something goes wrong (the policeman becomes dizzy), and they both die in a sudden and unexpected way.

Story B, on the other hand, has a different sequence of events. Gene meets the policeman, who grabs him, and then Gene panics and hurts the policeman. This is not an analogous structure to the source story.",A,A,False,,
